fitness,callFunc
163.20051499771944,300000.0
159.91284025587083,300000.0
151.1951830015605,300000.0
212.68942454230273,300000.0
389.4071217849123,300000.0
226.56744973933382,300000.0
305.59258618799504,300000.0
376.90657903385,300000.0
544.5802415012295,300000.0
244.03120098808722,300000.0
291.5390398604941,300000.0
523.262840236901,300000.0
521.3446411365876,300000.0
340.5331200450455,300000.0
182.11102160526207,300000.0
302.10465182719054,300000.0
168.7047482679336,300000.0
381.026357412964,300000.0
321.0313844127668,300000.0
293.447145095226,300000.0
301.4466243111965,300000.0
273.88539394522377,300000.0
368.8389055148582,300000.0
1109.7021060094557,300000.0
254.8441469129466,300000.0
250.4505734496197,300000.0
1751.8480656143947,300000.0
238.75503052261774,300000.0
133.9284142634424,300000.0
174.5427904655371,300000.0
125.57973458434572,300000.0
255.85829363093944,300000.0
